First Name,Last Name,Country,Car Brand,Car Model,Car Color,Year of Manufacture,Credit Card Type
Yetty,Arghent,Indonesia,Ford,Club Wagon,Teal,1993,mastercard
Crystal,Bosworth,China,Cadillac,Escalade ESV,Fuscia,2007,mastercard
Monro,Houdhury,Indonesia,Mazda,Miata MX-5,Orange,2009,maestro
Bowie,Clair,China,Audi,A4,Orange,2005,instapayment
Myrvyn,McAllister,Czech Republic,Nissan,Maxima,Pink,1994,maestro
Jarid,Son,Philippines,Bentley,Continental Flying Spur,Fuscia,2006,americanexpress
Griffin,Letham,Canada,Lamborghini,Gallardo,Violet,2004,bankcard
Kristin,Hubbock,Ethiopia,Suzuki,Daewoo Lacetti,Violet,2007,china-unionpay
Nannie,Rainsdon,Canada,Pontiac,Grand Am,Khaki,1996,switch
Eloisa,Thick,Armenia,Pontiac,Trans Sport,Violet,1994,jcb
Harley,Birdwhistle,Philippines,Mitsubishi,Expo LRV,Pink,1996,jcb
Yardley,Anniwell,Indonesia,Dodge,Spirit,Indigo,1994,jcb
Artemis,Wrenn,United States,Hyundai,Elantra,Red,2000,maestro
Jenica,Hambric,Portugal,Chevrolet,Express 1500,Goldenrod,2008,jcb
Heath,Biagi,Pakistan,Chevrolet,Corvette,Maroon,1999,jcb
Cymbre,Fulkes,Ukraine,Suzuki,SX4,Orange,2012,jcb
Trueman,Whodcoat,Colombia,Mercedes-Benz,CLK-Class,Maroon,2007,visa-electron
Linn,Dowd,Finland,Hyundai,Veracruz,Pink,2010,jcb
Karilynn,Paradin,Poland,Mitsubishi,3000GT,Khaki,1998,americanexpress
Franky,Hemerijk,France,Chevrolet,3500,Red,1996,mastercard
Leshia,Ruhben,Colombia,Pontiac,Sunfire,Maroon,1996,mastercard
Elvyn,Klimt,Portugal,Chevrolet,Camaro,Yellow,1998,jcb
Josy,Mahedy,Sweden,Volvo,S40,Khaki,2010,jcb
Godwin,Dowsing,Brazil,Dodge,Ram 2500,Red,2009,americanexpress
Charley,Haglinton,Portugal,Saturn,VUE,Maroon,2009,jcb
Adria,Lagneaux,Brazil,Toyota,Yaris,Crimson,2012,china-unionpay
Hermione,Huzzay,South Korea,Dodge,D250 Club,Maroon,1993,jcb
Carmelia,Eatock,Thailand,Mazda,RX-7,Fuscia,1987,jcb
Halsy,Garaway,Dominican Republic,Nissan,350Z,Pink,2009,jcb
Dru,Abrahmson,Poland,Ford,Ranger,Purple,1992,jcb
Bryana,Sheldon,Ukraine,Volkswagen,New Beetle,Purple,2001,jcb
Corena,Purselow,Finland,GMC,Rally Wagon 1500,Teal,1993,jcb
Drake,Dunseith,Greece,BMW,7 Series,Violet,1995,maestro
Nickey,Flatt,Colombia,Chevrolet,G-Series 2500,Violet,1997,jcb
See,Glaserman,Tanzania,Mercedes-Benz,CL-Class,Goldenrod,2006,maestro
Corrianne,Tukely,France,Oldsmobile,88,Blue,1994,switch
Killie,Paffett,Bosnia and Herzegovina,Nissan,Altima,Orange,2002,jcb
Montgomery,Budibent,Brazil,Toyota,Highlander,Blue,2006,mastercard
Hyman,Ducaen,Nigeria,Toyota,TundraMax,Puce,2012,diners-club-enroute
Lev,Shropshire,Chile,Ford,Taurus,Purple,1997,switch
Cyndie,Hyndes,China,Mercedes-Benz,600SEL,Indigo,1993,instapayment
Leonie,Pritchard,Uzbekistan,Ford,Expedition EL,Indigo,2010,jcb
Leone,Byfford,Macedonia,Hyundai,Accent,Yellow,1996,diners-club-international
Drusilla,Gittose,China,Buick,LaCrosse,Khaki,2011,diners-club-enroute
Barn,Torricella,Venezuela,BMW,Z4 M,Teal,2008,diners-club-carte-blanche
Ebony,Nemchinov,Brazil,Pontiac,Montana,Violet,2004,jcb
Gillie,Spurdens,Poland,Hyundai,Genesis,Aquamarine,2011,jcb
Lesya,Ellingworth,Indonesia,Toyota,Avalon,Crimson,1999,jcb
Leticia,Bettington,China,GMC,Sierra 2500,Teal,1999,jcb
Norine,Meach,Norway,Infiniti,G37,Crimson,2012,visa-electron
Lizbeth,Bottini,Indonesia,Ford,E-Series,Khaki,2006,mastercard
Eydie,Pedlow,Indonesia,Buick,Regal,Turquoise,1987,mastercard
Kaye,McGinney,Bulgaria,Kia,Rio,Yellow,2002,maestro
Job,Mitchinson,Poland,Volkswagen,GTI,Maroon,2003,jcb
Esta,Bruhke,Russia,Dodge,Ram Van 3500,Fuscia,2000,jcb
Reinwald,O'Fielly,Namibia,Cadillac,Fleetwood,Indigo,1994,jcb
Alicia,Milligan,Brazil,Oldsmobile,Ciera,Aquamarine,1993,jcb
Janek,Pargetter,Indonesia,Mercury,Villager,Purple,1998,jcb
Arda,Renish,Indonesia,Jaguar,XJ Series,Maroon,2003,visa-electron
Loni,Tweedle,Guatemala,Toyota,Land Cruiser,Goldenrod,2005,laser
Jacklyn,Fillery,Pakistan,BMW,7 Series,Puce,2012,maestro
Gnni,Bridewell,China,Porsche,911,Green,2010,switch
Willabella,Dumbrill,China,Isuzu,Rodeo Sport,Purple,2001,americanexpress
Lorena,McGiveen,Russia,Mercedes-Benz,E-Class,Goldenrod,2001,maestro
Latrena,Fowkes,Brazil,Lexus,IS,Crimson,2007,visa-electron
Mia,Wasbey,Sweden,Kia,Rio,Violet,2003,mastercard
Krysta,Woollard,France,BMW,X6 M,Orange,2012,visa-electron
Kane,Safhill,Indonesia,Nissan,Frontier,Mauv,2004,switch
Quentin,Putland,China,Volkswagen,Passat,Fuscia,1999,visa-electron
Vin,Booth,Sweden,BMW,8 Series,Red,1995,jcb
Keelia,Fronczak,China,Mitsubishi,Galant,Indigo,1999,jcb
Randy,Dron,Brazil,GMC,Sonoma,Orange,1993,bankcard
Pippa,Rodriguez,China,Nissan,Sentra,Mauv,1998,jcb
Fawn,Mancktelow,Iran,Mercury,Cougar,Turquoise,1994,americanexpress
Curtis,Kurt,Germany,Jaguar,X-Type,Violet,2004,americanexpress
Gasper,Joder,China,Dodge,Grand Caravan,Red,1998,jcb
Eberto,Crocombe,El Salvador,Dodge,D350 Club,Green,1993,jcb
Annissa,Klambt,Japan,Hummer,H3,Khaki,2009,diners-club-us-ca
Annamarie,Dietsche,Sweden,Mazda,Tribute,Red,2008,jcb
Ginnie,Stimpson,France,GMC,Sierra 3500,Goldenrod,2011,diners-club-carte-blanche
Rainer,Mogra,Philippines,Porsche,911,Goldenrod,2008,mastercard
Alexandro,Bockman,Russia,Audi,Q7,Indigo,2012,maestro
Bryan,Munford,Portugal,Ford,F150,Blue,2003,jcb
Worth,MacInnes,Israel,Audi,90,Pink,1989,jcb
Gaven,Humpherson,Benin,Audi,A4,Mauv,1999,instapayment
Eydie,Polk,Israel,Pontiac,Grand Am,Puce,1995,maestro
Dorise,Marshalleck,Mexico,Lincoln,Town Car,Turquoise,1985,americanexpress
Charles,McIlhatton,China,Toyota,Camry,Violet,2007,jcb
Dolorita,Ringsell,Paraguay,Mitsubishi,Expo,Maroon,1995,visa
Laird,Melledy,Afghanistan,Jeep,Compass,Orange,2009,diners-club-enroute
Rancell,Skewes,Indonesia,Audi,A4,Turquoise,2008,diners-club-carte-blanche
Starr,Gorke,China,Pontiac,Grand Prix,Blue,2002,americanexpress
Jourdan,Winspear,Sweden,Porsche,Cayman,Aquamarine,2010,switch
Angil,Bly,China,MINI,MINI,Green,2002,maestro
Deonne,Arnot,Brazil,Dodge,Ram 50,Goldenrod,1992,bankcard
Heddie,Crauford,Italy,Maybach,62,Khaki,2012,jcb
Chic,Nutbean,China,Mercedes-Benz,E-Class,Aquamarine,1984,china-unionpay
Gina,Vaz,Poland,Chevrolet,Silverado 1500,Red,2004,bankcard
Krishna,Dominka,Uganda,Toyota,MR2,Teal,2002,mastercard
Guenna,Kobes,China,Oldsmobile,Intrigue,Aquamarine,1999,jcb
Gaspard,Finlan,Peru,Dodge,Ram 2500 Club,Aquamarine,1996,diners-club-carte-blanche
Bald,Wiz,Mauritius,Mitsubishi,Excel,Violet,1988,switch
Fionnula,Osment,China,Honda,Accord Crosstour,Teal,2011,jcb
Gipsy,Kingsley,China,Ford,Thunderbird,Yellow,1990,jcb
Hughie,Skentelbery,Japan,Isuzu,Rodeo,Green,2002,jcb
Valeda,Crohan,Japan,Dodge,Ram 2500 Club,Orange,1995,solo
Iris,Dadswell,Chad,Kia,Sedona,Puce,2006,china-unionpay
Dita,Turbayne,Colombia,Suzuki,SJ,Khaki,1985,jcb
Clifford,McAvinchey,Spain,Acura,TL,Crimson,1997,jcb
Dolli,Jiggens,Argentina,Isuzu,Rodeo,Blue,1993,diners-club-carte-blanche
Adore,Englishby,China,Geo,Storm,Red,1992,jcb
Dennet,Wase,Indonesia,Ford,F350,Fuscia,2003,jcb
Liam,Adam,Poland,Ford,E150,Orange,1984,jcb
Stanford,Peto,Cyprus,GMC,Sierra 3500HD,Fuscia,2006,jcb
Shirline,Hamshar,Sierra Leone,GMC,Sierra,Pink,2010,mastercard
Knox,McCrory,China,Scion,xB,Indigo,2012,maestro
Ichabod,Bruggen,Indonesia,Mitsubishi,Precis,Khaki,1986,china-unionpay
Davina,Spires,Ecuador,Ford,Laser,Blue,1988,jcb
Florella,Southernwood,Portugal,Jeep,Cherokee,Purple,2000,visa
Conrado,McNutt,China,Ford,F250,Aquamarine,2000,laser
Petunia,Benettini,Japan,Chevrolet,TrailBlazer,Maroon,2004,visa
Jethro,Divisek,Brazil,Dodge,Ram Van 3500,Pink,1997,jcb
Spencer,Barefoot,Brazil,Nissan,Pathfinder,Fuscia,2005,bankcard
Agnella,Simonett,Russia,Jaguar,X-Type,Orange,2005,jcb
Brandie,Kilgrove,Greece,Mitsubishi,Lancer Evolution,Khaki,2003,switch
Bee,Orpyne,Mexico,Suzuki,Samurai,Fuscia,1992,maestro
Marget,Steward,Vietnam,Land Rover,Discovery,Red,2000,visa-electron
Waldemar,Birckmann,Philippines,Pontiac,Grand Prix,Maroon,1985,china-unionpay
Eloisa,Scantleberry,China,Dodge,Viper,Mauv,1997,jcb
Northrop,Drew,Japan,Eagle,Summit,Orange,1996,diners-club-enroute
Hasty,Covolini,United States,Lamborghini,Countach,Crimson,1988,laser
Cordula,Raund,Vietnam,Pontiac,Firefly,Fuscia,1985,jcb
Lara,Pennetti,Cameroon,Suzuki,Esteem,Pink,1997,jcb
Tad,Waszczykowski,China,Cadillac,Brougham,Aquamarine,1992,instapayment
Arabelle,Shyres,Portugal,Volkswagen,rio,Aquamarine,1998,maestro
Leora,Chiddy,Canada,Volkswagen,riolet,Mauv,1993,mastercard
Robyn,Teanby,Canada,Isuzu,Ascender,Green,2006,diners-club-enroute
Nickey,Turfitt,Indonesia,Ford,Taurus,Crimson,1998,china-unionpay
Tyrone,Cuncarr,Indonesia,Toyota,Venza,Blue,2009,china-unionpay
Rosmunda,Delgardillo,Russia,Volvo,C70,Teal,2000,jcb
Beulah,Hitscher,Indonesia,Mitsubishi,Outlander,Orange,2011,switch
Ilene,Pebworth,Estonia,Hummer,H1,Khaki,1999,jcb
Stephana,Brattan,Brazil,Ford,F-Series,Purple,1997,visa-electron
Minny,Witter,Poland,Audi,A4,Aquamarine,1998,maestro
Anya,Martignon,China,GMC,Suburban 2500,Blue,1996,jcb
Selie,Josland,Czech Republic,Audi,4000s,Blue,1985,bankcard
Sayre,Tysall,France,Bentley,Continental,Purple,2007,bankcard
Walker,Athy,Philippines,Mercury,Monterey,Pink,2007,jcb
Gennifer,Nafziger,Philippines,Chevrolet,Impala,Orange,2005,jcb
Sisely,Shoebottom,Philippines,Mazda,Millenia,Red,1998,laser
Nelly,Tollett,Russia,Land Rover,Range Rover,Goldenrod,1990,mastercard
Verina,Biasioni,Thailand,Chrysler,Sebring,Turquoise,2000,jcb
Gillie,Abrey,Madagascar,Jeep,Cherokee,Mauv,1995,americanexpress
Todd,Nilles,Greece,Ford,Explorer,Aquamarine,1995,bankcard
Antin,Lakin,Guatemala,Lincoln,MKT,Purple,2013,china-unionpay
Timmi,Bohey,Brazil,Mitsubishi,Endeavor,Aquamarine,2007,jcb
Sergei,Drohun,Philippines,Audi,S4,Fuscia,2010,jcb
Taddeo,Buckney,Philippines,Ford,F350,Purple,2000,americanexpress
Alma,Hayers,Indonesia,Honda,Ridgeline,Blue,2010,jcb
Teri,McGrory,Canada,Aston Martin,Vantage,Red,2010,laser
Durand,Benazet,Ukraine,Lexus,SC,Pink,2006,jcb
Roma,Leggis,China,Toyota,4Runner,Fuscia,2000,jcb
Em,Wallege,Russia,Chevrolet,1500,Turquoise,1995,jcb
Irvin,Grent,Croatia,Lincoln,Navigator,Red,2009,diners-club-enroute
Vinni,Wildman,Russia,Chevrolet,S10 Blazer,Fuscia,1992,mastercard
Hanny,Feavers,China,Subaru,Legacy,Mauv,1993,diners-club-carte-blanche
Silas,Sedgmond,Canada,Chevrolet,Monte Carlo,Fuscia,2002,americanexpress
Benedikta,Tunaclift,Indonesia,Mercury,Capri,Blue,1992,diners-club-enroute
Camella,Hinz,Peru,Ford,F350,Blue,2001,jcb
Bunni,Huggill,China,Cadillac,CTS-V,Aquamarine,2012,jcb
Cece,Rumney,Egypt,Cadillac,Catera,Mauv,2001,jcb
Anne-marie,Boxill,China,Suzuki,Esteem,Turquoise,2001,visa-electron
Reinaldo,De Lacey,Brazil,Porsche,924,Pink,1988,maestro
Katharina,Rapin,Poland,Lincoln,Navigator,Khaki,2006,diners-club-international
Dominga,Ohlsen,Russia,Mitsubishi,Eclipse,Goldenrod,2000,diners-club-carte-blanche
Juliana,Speerman,Russia,Scion,iQ,Green,2012,switch
Aleda,Netherwood,Russia,Ford,Tempo,Violet,1986,diners-club-enroute
Salomon,Zanetto,United States,Toyota,Corolla,Crimson,2007,jcb
Nico,Strand,Ethiopia,Infiniti,Q,Mauv,2002,laser
Spike,Basire,Poland,MINI,Cooper,Teal,2003,jcb
Wallas,Kinnaird,France,Mercedes-Benz,300SE,Orange,1992,jcb
Carter,Revan,Russia,Ford,Econoline E250,Indigo,1992,jcb
Chere,Petschel,Colombia,Ford,Bronco II,Turquoise,1990,bankcard
Oralia,Sainthill,China,Land Rover,Freelander,Green,2001,switch
Annabell,Tompkiss,Colombia,Suzuki,XL-7,Mauv,2004,diners-club-carte-blanche
Ivette,Tomadoni,Russia,Land Rover,Sterling,Green,1991,maestro
Maridel,Clarke,China,Toyota,FJ Cruiser,Fuscia,2009,mastercard
Sibby,Kitchingman,Russia,Honda,CR-V,Goldenrod,2007,jcb
Matthus,Crabtree,China,Toyota,4Runner,Crimson,2006,americanexpress
Mordy,Bediss,Philippines,Suzuki,Grand Vitara,Mauv,2011,switch
Josephine,Torregiani,United States,Buick,Riviera,Violet,1985,laser
Hedvig,Kliemann,Japan,Nissan,Frontier,Puce,2012,china-unionpay
Cristiano,Pummell,United States,Pontiac,LeMans,Goldenrod,1964,jcb
Ruthe,Bedrosian,China,Volvo,S70,Fuscia,1999,visa
Larisa,Maliffe,Portugal,Nissan,Frontier,Aquamarine,2001,jcb
Chloe,Goacher,China,GMC,Canyon,Maroon,2011,americanexpress
Cesare,Spencock,Panama,Suzuki,Esteem,Pink,2002,visa-electron
Hanson,Vedekhin,Croatia,Mazda,MX-5,Crimson,1996,jcb
Georgianna,Chevin,Brazil,Chevrolet,Camaro,Mauv,1968,jcb
